{
    "xp_926187394007466044_909126930681442364": 15,
    "lvl_926187394007466044_909126930681442364": 1,
    "xpToLvl_926187394007466044_909126930681442364": 100,
    "top_926187394007466044": 2,
    "xp_901727882102046770_934713037498253323": 50,
    "lvl_901727882102046770_934713037498253323": 1,
    "xpToLvl_901727882102046770_934713037498253323": 100,
    "top_901727882102046770": 2,
    "xp_901727882102046770_909126930681442364": 5,
    "lvl_901727882102046770_909126930681442364": 1,
    "xpToLvl_901727882102046770_909126930681442364": 100,
    "saas_934713037498253323": "açık",
    "goldzzz_901727882102046770": 1643103651108,
    "sunucupanel.934713037498253323": 2,
    "xp_833641129877569557_881412061370920990": 45,
    "lvl_833641129877569557_881412061370920990": 1,
    "xpToLvl_833641129877569557_881412061370920990": 100,
    "top_833641129877569557": 2,
    "xp_901727882102046770_881412061370920990": 95,
    "lvl_901727882102046770_881412061370920990": 1,
    "xpToLvl_901727882102046770_881412061370920990": 100,
    "reklam.881412061370920990.durum": true,
    "spam.881412061370920990": "Kayez",
    "max.881412061370920990.934133750382600283": 1643104161185,
    "max.881412061370920990.901727882102046770": 1643104160934,
    "max.881412061370920990.833641129877569557": 1643104086010,
    "max.881412061370920990.930843748563304459": 1643103972938,
    "max.881412061370920990.918498060995272705": 1643104076053,
    "reklam_881412061370920990_901727882102046770": 1
}